Pais1,Pais2,Distancia
Albânia,Alemanha,1335.1603965477607
Alemanha,Albânia,1335.1603965477607
Albânia,Andorra,1516.6115690232473
Andorra,Albânia,1516.6115690232473
Albânia,Armênia,2076.9714771443496
Armênia,Albânia,2076.9714771443496
Albânia,Áustria,811.8192319592013
Áustria,Albânia,811.8192319592013
Albânia,Azerbaijão,2516.094534370404
Azerbaijão,Albânia,2516.094534370404
Albânia,Bélgica,1588.7278910116727
Bélgica,Albânia,1588.7278910116727
Albânia,Bielorrússia,1511.5195313557233
Bielorrússia,Albânia,1511.5195313557233
Albânia,Bósnia-Herzegovina,303.7998770285681
Bósnia-Herzegovina,Albânia,303.7998770285681
Albânia,Bulgária,327.0358844610319
Bulgária,Albânia,327.0358844610319
Albânia,Cazaquistão,4026.56335589181
Cazaquistão,Albânia,4026.56335589181
Albânia,Croácia,586.7958884614684
Croácia,Albânia,586.7958884614684
Albânia,Dinamarca,1680.3215734123385
Dinamarca,Albânia,1680.3215734123385
Albânia,Eslováquia,787.973689974456
Eslováquia,Albânia,787.973689974456
Albânia,Eslovênia,677.1817045967127
Eslovênia,Albânia,677.1817045967127
Albânia,Espanha,1974.3188173727783
Espanha,Albânia,1974.3188173727783
Albânia,Estônia,2019.7568971330836
Estônia,Albânia,2019.7568971330836
Albânia,Finlândia,2124.3710988628436
Finlândia,Albânia,2124.3710988628436
Albânia,França,1600.9334596685107
França,Albânia,1600.9334596685107
Albânia,Geórgia,2073.3076587707155
Geórgia,Albânia,2073.3076587707155
Albânia,Grécia,500.10162997546234
Grécia,Albânia,500.10162997546234
Albânia,Hungria,688.8834754604228
Hungria,Albânia,688.8834754604228
Albânia,Itália,613.0082623671776
Itália,Albânia,613.0082623671776
Albânia,Kosovo,185.5631062216472
Kosovo,Albânia,185.5631062216472
Albânia,Letônia,1765.9677223117765
Letônia,Albânia,1765.9677223117765
Albânia,Lituânia,1538.9022018225294
Lituânia,Albânia,1538.9022018225294
Albânia,Liechtenstein,1043.0043159540598
Liechtenstein,Albânia,1043.0043159540598
Albânia,Luxemburgo,1405.9577182186833
Luxemburgo,Albânia,1405.9577182186833
Albânia,Macedônia do Norte,152.8844005945004
Macedônia do Norte,Albânia,152.8844005945004
Albânia,Moldávia,957.9180283665735
Moldávia,Albânia,957.9180283665735
Albânia,Montenegro,131.08494932380069
Montenegro,Albânia,131.08494932380069
Albânia,Noruega,2158.7426883229327
Noruega,Albânia,2158.7426883229327
Albânia,Países Baixos,1664.9552411237546
Países Baixos,Albânia,1664.9552411237546
Albânia,Polônia,1215.6184153693025
Polônia,Albânia,1215.6184153693025
Albânia,Portugal,2471.123150730075
Portugal,Albânia,2471.123150730075
Albânia,Inglaterra,1892.1531227410321
Inglaterra,Albânia,1892.1531227410321
Albânia,Romênia,616.9241701927943
Romênia,Albânia,616.9241701927943
Albânia,Rússia,2058.8934628741363
Rússia,Albânia,2058.8934628741363
Albânia,San Marino,668.3389332902277
San Marino,Albânia,668.3389332902277
Albânia,Sérvia,391.0093397215306
Sérvia,Albânia,391.0093397215306
Albânia,Suécia,2005.3866981180583
Suécia,Albânia,2005.3866981180583
Albânia,Suíça,1166.3568686702538
Suíça,Albânia,1166.3568686702538
Albânia,República Tcheca,1057.992436046139
República Tcheca,Albânia,1057.992436046139
Albânia,Ucrânia,1307.0917381026825
Ucrânia,Albânia,1307.0917381026825
Albânia,Vaticano,615.4306224760325
Vaticano,Albânia,615.4306224760325
Alemanha,Andorra,1423.1870891277276
Andorra,Alemanha,1423.1870891277276
Alemanha,Armênia,2722.653345626281
Armênia,Alemanha,2722.653345626281
Alemanha,Áustria,523.4895278128079
Áustria,Alemanha,523.4895278128079
Alemanha,Azerbaijão,3057.336253367232
Azerbaijão,Alemanha,3057.336253367232
Alemanha,Bélgica,650.3817544546004
Bélgica,Alemanha,650.3817544546004
Alemanha,Bielorrússia,953.306589619337
Bielorrússia,Alemanha,953.306589619337
Alemanha,Bósnia-Herzegovina,1031.7994418516273
Bósnia-Herzegovina,Alemanha,1031.7994418516273
Alemanha,Bulgária,1318.5534553966863
Bulgária,Alemanha,1318.5534553966863
Alemanha,Cazaquistão,3879.844964097871
Cazaquistão,Alemanha,3879.844964097871
Alemanha,Croácia,768.6093320886663
Croácia,Alemanha,768.6093320886663
Alemanha,Dinamarca,355.14855027088225
Dinamarca,Alemanha,355.14855027088225
Alemanha,Eslováquia,552.4022562794516
Eslováquia,Alemanha,552.4022562794516
Alemanha,Eslovênia,723.056853109636
Eslovênia,Alemanha,723.056853109636
Alemanha,Espanha,1869.1234658513595
Espanha,Alemanha,1869.1234658513595
Alemanha,Estônia,2667.5309989680536
Estônia,Alemanha,2667.5309989680536
Alemanha,Finlândia,1105.2988363369695
Finlândia,Alemanha,1105.2988363369695
Alemanha,França,877.4563991936283
França,Alemanha,877.4563991936283
Alemanha,Geórgia,2635.126601080719
Geórgia,Alemanha,2635.126601080719
Alemanha,Grécia,1802.8862959637017
Grécia,Alemanha,1802.8862959637017
Alemanha,Hungria,688.0360450785424
Hungria,Alemanha,688.0360450785424
Alemanha,Itália,1183.285215194054
Itália,Alemanha,1183.285215194054
Alemanha,Kosovo,1239.3179711567373
Kosovo,Alemanha,1239.3179711567373
Alemanha,Letônia,844.8358175277805
Letônia,Alemanha,844.8358175277805
Alemanha,Lituânia,818.5480599847027
Lituânia,Alemanha,818.5480599847027
Alemanha,Liechtenstein,659.5639737157401
Liechtenstein,Alemanha,659.5639737157401
Alemanha,Luxemburgo,601.9609439571466
Luxemburgo,Alemanha,601.9609439571466
Alemanha,Macedônia do Norte,1315.3826677878822
Macedônia do Norte,Alemanha,1315.3826677878822
Alemanha,Moldávia,1264.4378203573672
Moldávia,Alemanha,1264.4378203573672
Alemanha,Montenegro,1204.120672821381
Montenegro,Alemanha,1204.120672821381
Alemanha,Noruega,838.1869086769334
Noruega,Alemanha,838.1869086769334
Alemanha,Países Baixos,576.081696949704
Países Baixos,Alemanha,576.081696949704
Alemanha,Polônia,517.1773161849419
Polônia,Alemanha,517.1773161849419
Alemanha,Portugal,2312.1264762246547
Portugal,Alemanha,2312.1264762246547
Alemanha,Inglaterra,931.556164946275
Inglaterra,Alemanha,931.556164946275
Alemanha,Romênia,1294.994188497455
Romênia,Alemanha,1294.994188497455
Alemanha,Rússia,1608.834070258558
Rússia,Alemanha,1608.834070258558
Alemanha,San Marino,956.3446089039433
San Marino,Alemanha,956.3446089039433
Alemanha,Sérvia,1000.4313233428016
Sérvia,Alemanha,1000.4313233428016
Alemanha,Suécia,810.5105927885327
Suécia,Alemanha,810.5105927885327
Alemanha,Suíça,752.5686807207574
Suíça,Alemanha,752.5686807207574
Alemanha,República Tcheca,281.1304256331059
República Tcheca,Alemanha,281.1304256331059
Alemanha,Ucrânia,1204.5203689663647
Ucrânia,Alemanha,1204.5203689663647
Alemanha,Vaticano,1182.7243392643716
Vaticano,Alemanha,1182.7243392643716
Andorra,Armênia,3559.663832028332
Armênia,Andorra,3559.663832028332
Andorra,Áustria,1319.0237204712264
Áustria,Andorra,1319.0237204712264
Andorra,Azerbaijão,3980.574435411336
Azerbaijão,Andorra,3980.574435411336
Andorra,Bélgica,952.2175983420502
Bélgica,Andorra,952.2175983420502
Andorra,Bielorrússia,2287.9167774260104
Bielorrússia,Andorra,2287.9167774260104
Andorra,Bósnia-Herzegovina,1375.3517588445195
Bósnia-Herzegovina,Andorra,1375.3517588445195
Andorra,Bulgária,1779.438851610567
Bulgária,Andorra,1779.438851610567
Andorra,Cazaquistão,5198.671937966266
Cazaquistão,Andorra,5198.671937966266
Andorra,Croácia,1208.7289788430905
Croácia,Andorra,1208.7289788430905
Andorra,Dinamarca,1666.1621222435056
Dinamarca,Andorra,1666.1621222435056
Andorra,Eslováquia,1367.0064566962747
Eslováquia,Andorra,1367.0064566962747
Andorra,Eslovênia,1104.8341541345208
Eslovênia,Andorra,1104.8341541345208
Andorra,Espanha,493.39541473905945
Espanha,Andorra,493.39541473905945
Andorra,Estônia,3501.560589223066
Estônia,Andorra,3501.560589223066
Andorra,Finlândia,2522.231415759108
Finlândia,Andorra,2522.231415759108
Andorra,França,709.1462289318446
França,Andorra,709.1462289318446
Andorra,Geórgia,3532.5414840911967
Geórgia,Andorra,3532.5414840911967
Andorra,Grécia,1944.330408538457
Grécia,Andorra,1944.330408538457
Andorra,Hungria,1480.8733361425595
Hungria,Andorra,1480.8733361425595
Andorra,Itália,904.7304127472961
Itália,Andorra,904.7304127472961
Andorra,Kosovo,1604.701673969201
Kosovo,Andorra,1604.701673969201
Andorra,Letônia,2264.364662357652
Letônia,Andorra,2264.364662357652
Andorra,Lituânia,2192.354305193817
Lituânia,Andorra,2192.354305193817
Andorra,Liechtenstein,813.9002753864601
Liechtenstein,Andorra,813.9002753864601
Andorra,Luxemburgo,866.0416639260823
Luxemburgo,Andorra,866.0416639260823
Andorra,Macedônia do Norte,1635.3893520479762
Macedônia do Norte,Andorra,1635.3893520479762
Andorra,Moldávia,2204.050773156602
Moldávia,Andorra,2204.050773156602
Andorra,Montenegro,1452.2478458645214
Montenegro,Andorra,1452.2478458645214
Andorra,Noruega,2035.0682833455364
Noruega,Andorra,2035.0682833455364
Andorra,Países Baixos,1125.315458342849
Países Baixos,Andorra,1125.315458342849
Andorra,Polônia,1813.4918265969754
Polônia,Andorra,1813.4918265969754
Andorra,Portugal,992.4364812442104
Portugal,Andorra,992.4364812442104
Andorra,Inglaterra,1008.5670759360617
Inglaterra,Andorra,1008.5670759360617
Andorra,Romênia,1987.626100270224
Romênia,Andorra,1987.626100270224
Andorra,Rússia,2963.5713143536664
Rússia,Andorra,2963.5713143536664
Andorra,San Marino,899.6553088757274
San Marino,Andorra,899.6553088757274
Andorra,Sérvia,1541.3480017427619
Sérvia,Andorra,1541.3480017427619
Andorra,Suécia,2187.5187051997464
Suécia,Andorra,2187.5187051997464
Andorra,Suíça,680.1014810633378
Suíça,Andorra,680.1014810633378
Andorra,República Tcheca,1298.0491773345304
República Tcheca,Andorra,1298.0491773345304
Andorra,Ucrânia,2371.138000667443
Ucrânia,Andorra,2371.138000667443
Andorra,Vaticano,902.2731369095803
Vaticano,Andorra,902.2731369095803
Armênia,Áustria,2397.5408634506903
Áustria,Armênia,2397.5408634506903
Armênia,Azerbaijão,454.4788408717911
Azerbaijão,Armênia,454.4788408717911
Armênia,Bélgica,3297.2571004767096
Bélgica,Armênia,3297.2571004767096
Armênia,Bielorrússia,1983.4900600215867
Bielorrússia,Armênia,1983.4900600215867
Armênia,Bósnia-Herzegovina,2184.9008601370156
Bósnia-Herzegovina,Armênia,2184.9008601370156
Armênia,Bulgária,1783.6158795120284
Bulgária,Armênia,1783.6158795120284
Armênia,Cazaquistão,2401.0585956832165
Cazaquistão,Armênia,2401.0585956832165
Armênia,Croácia,2389.109247126724
Croácia,Armênia,2389.109247126724
Armênia,Dinamarca,2896.232282637314
Dinamarca,Armênia,2896.232282637314
Armênia,Eslováquia,2342.7267655585647
Eslováquia,Armênia,2342.7267655585647
Armênia,Eslovênia,2505.054076722432
Eslovênia,Armênia,2505.054076722432
Armênia,Espanha,4036.692410045361
Espanha,Armênia,4036.692410045361
Armênia,Estônia,58.21832936685419
Estônia,Armênia,58.21832936685419
Armênia,Finlândia,2600.7668436976737
Finlândia,Armênia,2600.7668436976737
Armênia,França,3430.42424192398
França,Armênia,3430.42424192398
Armênia,Geórgia,169.24328687588348
Geórgia,Armênia,169.24328687588348
Armênia,Grécia,1806.6070943117554
Grécia,Armênia,1806.6070943117554
Armênia,Hungria,2186.4089682709473
Hungria,Armênia,2186.4089682709473
Armênia,Itália,2677.591810345051
Itália,Armênia,2677.591810345051
Armênia,Kosovo,1959.7902909142642
Kosovo,Armênia,1959.7902909142642
Armênia,Letônia,2375.7287913333957
Letônia,Armênia,2375.7287913333957
Armênia,Lituânia,2151.953981357322
Lituânia,Armênia,2151.953981357322
Armênia,Liechtenstein,2892.4250889319633
Liechtenstein,Armênia,2892.4250889319633
Armênia,Luxemburgo,3159.671256405378
Luxemburgo,Armênia,3159.671256405378
Armênia,Macedônia do Norte,1939.4767133132084
Macedônia do Norte,Armênia,1939.4767133132084
Armênia,Moldávia,1467.1076667670789
Moldávia,Armênia,1467.1076667670789
Armênia,Montenegro,2116.292796637573
Montenegro,Armênia,2116.292796637573
Armênia,Noruega,3196.8866930747145
Noruega,Armênia,3196.8866930747145
Armênia,Países Baixos,3279.869836952676
Países Baixos,Armênia,3279.869836952676
Armênia,Polônia,2233.521573738061
Polônia,Armênia,2233.521573738061
Armênia,Portugal,4537.804544149964
Portugal,Armênia,4537.804544149964
Armênia,Inglaterra,3614.109036341079
Inglaterra,Armênia,3614.109036341079
Armênia,Romênia,1581.8538962152682
Romênia,Armênia,1581.8538962152682
Armênia,Rússia,1803.540173977172
Rússia,Armênia,1803.540173977172
Armênia,San Marino,2661.910414561805
San Marino,Armênia,2661.910414561805
Armênia,Sérvia,2029.6714798169783
Sérvia,Armênia,2029.6714798169783
Armênia,Suécia,2815.548181783545
Suécia,Armênia,2815.548181783545
Armênia,Suíça,3048.882409434034
Suíça,Armênia,3048.882409434034
Armênia,República Tcheca,2579.8449700966116
República Tcheca,Armênia,2579.8449700966116
Armênia,Ucrânia,1575.7363177729533
Ucrânia,Armênia,1575.7363177729533
Armênia,Vaticano,2679.8791218885635
Vaticano,Armênia,2679.8791218885635
Áustria,Azerbaijão,2777.3021355459887
Azerbaijão,Áustria,2777.3021355459887
Áustria,Bélgica,914.194102406239
Bélgica,Áustria,914.194102406239
Áustria,Bielorrússia,1004.063886434792
Bielorrússia,Áustria,1004.063886434792
Áustria,Bósnia-Herzegovina,508.87188192527645
Bósnia-Herzegovina,Áustria,508.87188192527645
Áustria,Bulgária,817.4714185828401
Bulgária,Áustria,817.4714185828401
Áustria,Cazaquistão,3880.922299159026
Cazaquistão,Áustria,3880.922299159026
Áustria,Croácia,267.72769534754406
Croácia,Áustria,267.72769534754406
Áustria,Dinamarca,870.0272393069241
Dinamarca,Áustria,870.0272393069241
Áustria,Eslováquia,55.00299929840727
Eslováquia,Áustria,55.00299929840727
Áustria,Eslovênia,277.70127485665006
Eslovênia,Áustria,277.70127485665006
Áustria,Espanha,1809.3489238238265
Espanha,Áustria,1809.3489238238265
Áustria,Estônia,2340.0761079905847
Estônia,Áustria,2340.0761079905847
Áustria,Finlândia,1439.371098737629
Finlândia,Áustria,1439.371098737629
Áustria,França,1033.3703147025951
França,Áustria,1033.3703147025951
Áustria,Geórgia,2336.0158103932868
Geórgia,Áustria,2336.0158103932868
Áustria,Grécia,1282.809867085043
Grécia,Áustria,1282.809867085043
Áustria,Hungria,214.2137812657095
Hungria,Áustria,214.2137812657095
Áustria,Itália,765.1467925968801
Itália,Áustria,765.1467925968801
Áustria,Kosovo,720.8543322335227
Kosovo,Áustria,720.8543322335227
Áustria,Letônia,1103.7237026704377
Letônia,Áustria,1103.7237026704377
Áustria,Lituânia,947.290640208818
Lituânia,Áustria,947.290640208818
Áustria,Liechtenstein,526.2388324239804
Liechtenstein,Áustria,526.2388324239804
Áustria,Luxemburgo,763.7744357259585
Luxemburgo,Áustria,763.7744357259585
Áustria,Macedônia do Norte,795.9196447148365
Macedônia do Norte,Áustria,795.9196447148365
Áustria,Moldávia,944.8488628446414
Moldávia,Áustria,944.8488628446414
Áustria,Montenegro,680.8411058557335
Montenegro,Áustria,680.8411058557335
Áustria,Noruega,1351.1078871232232
Noruega,Áustria,1351.1078871232232
Áustria,Países Baixos,935.2963443305603
Países Baixos,Áustria,935.2963443305603
Áustria,Polônia,555.6325066526031
Polônia,Áustria,555.6325066526031
Áustria,Portugal,2298.2873235831576
Portugal,Áustria,2298.2873235831576
Áustria,Inglaterra,1235.2261492297703
Inglaterra,Áustria,1235.2261492297703
Áustria,Romênia,856.5826084869375
Romênia,Áustria,856.5826084869375
Áustria,Rússia,1669.8551890605654
Rússia,Áustria,1669.8551890605654
Áustria,San Marino,562.0669009583729
San Marino,Áustria,562.0669009583729
Áustria,Sérvia,490.2771063322935
Sérvia,Áustria,490.2771063322935
Áustria,Suécia,1241.5435733522067
Suécia,Áustria,1241.5435733522067
Áustria,Suíça,683.4689630292423
Suíça,Áustria,683.4689630292423
Áustria,República Tcheca,250.78252815433598
República Tcheca,Áustria,250.78252815433598
Áustria,Ucrânia,1053.7280983934927
Ucrânia,Áustria,1053.7280983934927
Áustria,Vaticano,765.4106166062015
Vaticano,Áustria,765.4106166062015
Azerbaijão,Bélgica,3658.53430807328
Bélgica,Azerbaijão,3658.53430807328
Azerbaijão,Bielorrússia,2239.947025787426
Bielorrússia,Azerbaijão,2239.947025787426
Azerbaijão,Bósnia-Herzegovina,2605.8454665277313
Bósnia-Herzegovina,Azerbaijão,2605.8454665277313
Azerbaijão,Bulgária,2214.2499811570888
Bulgária,Azerbaijão,2214.2499811570888
Azerbaijão,Cazaquistão,2043.031382441774
Cazaquistão,Azerbaijão,2043.031382441774
Azerbaijão,Croácia,2793.282108962175
Croácia,Azerbaijão,2793.282108962175
Azerbaijão,Dinamarca,3194.529696925817
Dinamarca,Azerbaijão,3194.529696925817
Azerbaijão,Eslováquia,2722.3077112999867
Eslováquia,Azerbaijão,2722.3077112999867
Azerbaijão,Eslovênia,2907.3996683813475
Eslovênia,Azerbaijão,2907.3996683813475
Azerbaijão,Espanha,4462.694732798076
Espanha,Azerbaijão,4462.694732798076
Azerbaijão,Estônia,507.07213755093164
Estônia,Azerbaijão,507.07213755093164
Azerbaijão,Finlândia,2787.13438471397
Finlândia,Azerbaijão,2787.13438471397
Azerbaijão,França,3809.134891766324
França,Azerbaijão,3809.134891766324
Azerbaijão,Geórgia,448.05771916553647
Geórgia,Azerbaijão,448.05771916553647
Azerbaijão,Grécia,2260.3030437103344
Grécia,Azerbaijão,2260.3030437103344
Azerbaijão,Hungria,2570.955342504444
Hungria,Azerbaijão,2570.955342504444
Azerbaijão,Itália,3109.5749214017274
Itália,Azerbaijão,3109.5749214017274
Azerbaijão,Kosovo,2390.4675776736417
Kosovo,Azerbaijão,2390.4675776736417
Azerbaijão,Letônia,2609.618238616333
Letônia,Azerbaijão,2609.618238616333
Azerbaijão,Lituânia,2411.7274863660036
Lituânia,Azerbaijão,2411.7274863660036
Azerbaijão,Liechtenstein,3285.923833187067
Liechtenstein,Azerbaijão,3285.923833187067
Azerbaijão,Luxemburgo,3531.8306030089825
Luxemburgo,Azerbaijão,3531.8306030089825
Azerbaijão,Macedônia do Norte,2375.020723003722
Macedônia do Norte,Azerbaijão,2375.020723003722
Azerbaijão,Moldávia,1833.4757661012068
Moldávia,Azerbaijão,1833.4757661012068
Azerbaijão,Montenegro,2548.1769152969114
Montenegro,Azerbaijão,2548.1769152969114
Azerbaijão,Noruega,3448.2775278532363
Noruega,Azerbaijão,3448.2775278532363
Azerbaijão,Países Baixos,3626.3148917773133
Países Baixos,Azerbaijão,3626.3148917773133
Azerbaijão,Polônia,2551.171466884553
Polônia,Azerbaijão,2551.171466884553
Azerbaijão,Portugal,4964.858411377306
Portugal,Azerbaijão,4964.858411377306
Azerbaijão,Inglaterra,3970.132594332094
Inglaterra,Azerbaijão,3970.132594332094
Azerbaijão,Romênia,1993.6785952520534
Romênia,Azerbaijão,1993.6785952520534
Azerbaijão,Rússia,1927.390358555595
Rússia,Azerbaijão,1927.390358555595
Azerbaijão,San Marino,3080.961583856081
San Marino,Azerbaijão,3080.961583856081
Azerbaijão,Sérvia,2441.6841082806286
Sérvia,Azerbaijão,2441.6841082806286
Azerbaijão,Suécia,3048.6961407001068
Suécia,Azerbaijão,3048.6961407001068
Azerbaijão,Suíça,3443.8717734411657
Suíça,Azerbaijão,3443.8717734411657
Azerbaijão,República Tcheca,2941.210480653789
República Tcheca,Azerbaijão,2941.210480653789
Azerbaijão,Ucrânia,1868.1486614534713
Ucrânia,Azerbaijão,1868.1486614534713
Azerbaijão,Vaticano,3111.8104090680954
Vaticano,Azerbaijão,3111.8104090680954
Bélgica,Bielorrússia,1603.4817735604781
Bielorrússia,Bélgica,1603.4817735604781
Bélgica,Bósnia-Herzegovina,1310.054476078686
Bósnia-Herzegovina,Bélgica,1310.054476078686
Bélgica,Bulgária,1697.5369691021629
Bulgária,Bélgica,1697.5369691021629
Bélgica,Cazaquistão,4523.866772899579
Cazaquistão,Bélgica,4523.866772899579
Bélgica,Croácia,1023.7021541226271
Croácia,Bélgica,1023.7021541226271
Bélgica,Dinamarca,764.8976671654381
Dinamarca,Bélgica,764.8976671654381
Bélgica,Eslováquia,967.0360609880632
Eslováquia,Bélgica,967.0360609880632
Bélgica,Eslovênia,917.3648491911331
Eslovênia,Bélgica,917.3648491911331
Bélgica,Espanha,1316.539230717764
Espanha,Bélgica,1316.539230717764
Bélgica,Estônia,3240.448727905925
Estônia,Bélgica,3240.448727905925
Bélgica,Finlândia,1647.5718398942845
Finlândia,Bélgica,1647.5718398942845
Bélgica,França,263.89252275811975
França,Bélgica,263.89252275811975
Bélgica,Geórgia,3224.8749759375796
Geórgia,Bélgica,3224.8749759375796
Bélgica,Grécia,2088.8259424327275
Grécia,Bélgica,2088.8259424327275
Bélgica,Hungria,1128.2320871073148
Hungria,Bélgica,1128.2320871073148
Bélgica,Itália,1172.8021778278573
Itália,Bélgica,1172.8021778278573
Bélgica,Kosovo,1565.0621033301313
Kosovo,Bélgica,1565.0621033301313
Bélgica,Letônia,1454.3381177416793
Letônia,Bélgica,1454.3381177416793
Bélgica,Lituânia,1464.6294822252112
Lituânia,Bélgica,1464.6294822252112
Bélgica,Liechtenstein,558.1332986523973
Liechtenstein,Bélgica,558.1332986523973
Bélgica,Luxemburgo,186.61277432915432
Luxemburgo,Bélgica,186.61277432915432
Bélgica,Macedônia do Norte,1630.509317623114
Macedônia do Norte,Bélgica,1630.509317623114
Bélgica,Moldávia,1831.247491082618
Moldávia,Bélgica,1831.247491082618
Bélgica,Montenegro,1468.4624951754968
Montenegro,Bélgica,1468.4624951754968
Bélgica,Noruega,1084.8469629076772
Noruega,Bélgica,1084.8469629076772
Bélgica,Países Baixos,173.16960496638586
Países Baixos,Bélgica,173.16960496638586
Bélgica,Polônia,1159.4643852479871
Polônia,Bélgica,1159.4643852479871
Bélgica,Portugal,1712.6163991622732
Portugal,Bélgica,1712.6163991622732
Bélgica,Inglaterra,321.0604402156645
Inglaterra,Bélgica,321.0604402156645
Bélgica,Romênia,1770.3320636798273
Romênia,Bélgica,1770.3320636798273
Bélgica,Rússia,2252.780622071064
Rússia,Bélgica,2252.780622071064
Bélgica,San Marino,979.2789020449148
San Marino,Bélgica,979.2789020449148
Bélgica,Sérvia,1372.6030333340248
Sérvia,Bélgica,1372.6030333340248
Bélgica,Suécia,1280.0138195517006
Suécia,Bélgica,1280.0138195517006
Bélgica,Suíça,488.83540378821067
Suíça,Bélgica,488.83540378821067
Bélgica,República Tcheca,718.140791710987
República Tcheca,Bélgica,718.140791710987
Bélgica,Ucrânia,1835.790808592672
Ucrânia,Bélgica,1835.790808592672
Bélgica,Vaticano,1171.0377852352958
Vaticano,Bélgica,1171.0377852352958
Bielorrússia,Bósnia-Herzegovina,1299.4392924013832
Bósnia-Herzegovina,Bielorrússia,1299.4392924013832
Bielorrússia,Bulgária,1283.935837536431
Bulgária,Bielorrússia,1283.935837536431
Bielorrússia,Cazaquistão,2934.904318141836
Cazaquistão,Bielorrússia,2934.904318141836
Bielorrússia,Croácia,1220.554396815542
Croácia,Bielorrússia,1220.554396815542
Bielorrússia,Dinamarca,979.1292593045505
Dinamarca,Bielorrússia,979.1292593045505
Bielorrússia,Eslováquia,969.5263788364564
Eslováquia,Bielorrússia,969.5263788364564
Bielorrússia,Eslovênia,1273.7882186910383
Eslovênia,Bielorrússia,1273.7882186910383
Bielorrússia,Espanha,2764.839969999407
Espanha,Bielorrússia,2764.839969999407
Bielorrússia,Estônia,1935.3737626143106
Estônia,Bielorrússia,1935.3737626143106
Bielorrússia,Finlândia,714.7685297478434
Finlândia,Bielorrússia,714.7685297478434
Bielorrússia,França,1825.860533894238
França,Bielorrússia,1825.860533894238
Bielorrússia,Geórgia,1861.4683669600079
Geórgia,Bielorrússia,1861.4683669600079
Bielorrússia,Grécia,1793.8211073393434
Grécia,Bielorrússia,1793.8211073393434
Bielorrússia,Hungria,929.7235610084572
Hungria,Bielorrússia,929.7235610084572
Bielorrússia,Itália,1737.6045969993006
Itália,Bielorrússia,1737.6045969993006
Bielorrússia,Kosovo,1334.799788381654
Kosovo,Bielorrússia,1334.799788381654
Bielorrússia,Letônia,404.57681393842813
Letônia,Bielorrússia,404.57681393842813
Bielorrússia,Lituânia,171.82969785824903
Lituânia,Bielorrússia,171.82969785824903
Bielorrússia,Liechtenstein,1474.0850603986244
Liechtenstein,Bielorrússia,1474.0850603986244
Bielorrússia,Luxemburgo,1543.0554324172556
Luxemburgo,Bielorrússia,1543.0554324172556
Bielorrússia,Macedônia do Norte,1398.811242003108
Macedônia do Norte,Bielorrússia,1398.811242003108
Bielorrússia,Moldávia,771.6622744345707
Moldávia,Bielorrússia,771.6622744345707
Bielorrússia,Montenegro,1413.936097226016
Montenegro,Bielorrússia,1413.936097226016
Bielorrússia,Noruega,1214.6234616061124
Noruega,Bielorrússia,1214.6234616061124
Bielorrússia,Países Baixos,1514.331655586233
Países Baixos,Bielorrússia,1514.331655586233
Bielorrússia,Polônia,475.03180088803003
Polônia,Bielorrússia,475.03180088803003
Bielorrússia,Portugal,3232.729149291833
Portugal,Bielorrússia,3232.729149291833
Bielorrússia,Inglaterra,1872.0450158496994
Inglaterra,Bielorrússia,1872.0450158496994
Bielorrússia,Romênia,1058.690777175474
Romênia,Bielorrússia,1058.690777175474
Bielorrússia,Rússia,675.7582665452023
Rússia,Bielorrússia,675.7582665452023
Bielorrússia,San Marino,1557.039581998881
San Marino,Bielorrússia,1557.039581998881
Bielorrússia,Sérvia,1132.4568353108893
Sérvia,Bielorrússia,1132.4568353108893
Bielorrússia,Suécia,836.0920741245297
Suécia,Bielorrússia,836.0920741245297
Bielorrússia,Suíça,1612.9919571209734
Suíça,Bielorrússia,1612.9919571209734
Bielorrússia,República Tcheca,992.0850972868749
República Tcheca,Bielorrússia,992.0850972868749
Bielorrússia,Ucrânia,433.5893070875859
Ucrânia,Bielorrússia,433.5893070875859
Bielorrússia,Vaticano,1738.394734821274
Vaticano,Bielorrússia,1738.394734821274
Bósnia-Herzegovina,Bulgária,417.6739885473555
Bulgária,Bósnia-Herzegovina,417.6739885473555
Bósnia-Herzegovina,Cazaquistão,3973.4350487135507
Cazaquistão,Bósnia-Herzegovina,3973.4350487135507
Bósnia-Herzegovina,Croácia,290.12200790297834
Croácia,Bósnia-Herzegovina,290.12200790297834
Bósnia-Herzegovina,Dinamarca,1378.5038743325044
Dinamarca,Bósnia-Herzegovina,1378.5038743325044
Bósnia-Herzegovina,Eslováquia,487.7980994731097
Eslováquia,Bósnia-Herzegovina,487.7980994731097
Bósnia-Herzegovina,Eslovênia,392.8652858931487
Eslovênia,Bósnia-Herzegovina,392.8652858931487
Bósnia-Herzegovina,Espanha,1857.3580322431535
Espanha,Bósnia-Herzegovina,1857.3580322431535
Bósnia-Herzegovina,Estônia,2126.7499908945324
Estônia,Bósnia-Herzegovina,2126.7499908945324
Bósnia-Herzegovina,Finlândia,1865.9685209841175
Finlândia,Bósnia-Herzegovina,1865.9685209841175
Bósnia-Herzegovina,França,1348.7953263312356
França,Bósnia-Herzegovina,1348.7953263312356
Bósnia-Herzegovina,Geórgia,2157.934394305292
Geórgia,Bósnia-Herzegovina,2157.934394305292
Bósnia-Herzegovina,Grécia,790.66455286015
Grécia,Bósnia-Herzegovina,790.66455286015
Bósnia-Herzegovina,Hungria,407.8503013561234
Hungria,Bósnia-Herzegovina,407.8503013561234
Bósnia-Herzegovina,Itália,529.9642179280331
Itália,Bósnia-Herzegovina,529.9642179280331
Bósnia-Herzegovina,Kosovo,259.3747876854979
Kosovo,Bósnia-Herzegovina,259.3747876854979
Bósnia-Herzegovina,Letônia,1511.4031984557319
Letônia,Bósnia-Herzegovina,1511.4031984557319
Bósnia-Herzegovina,Lituânia,1301.8112207037527
Lituânia,Bósnia-Herzegovina,1301.8112207037527
Bósnia-Herzegovina,Liechtenstein,782.7398442117217
Liechtenstein,Bósnia-Herzegovina,782.7398442117217
Bósnia-Herzegovina,Luxemburgo,1131.6255259541003
Luxemburgo,Bósnia-Herzegovina,1131.6255259541003
Bósnia-Herzegovina,Macedônia do Norte,320.653133868654
Macedônia do Norte,Bósnia-Herzegovina,320.653133868654
Bósnia-Herzegovina,Moldávia,886.7785564802459
Moldávia,Bósnia-Herzegovina,886.7785564802459
Bósnia-Herzegovina,Montenegro,172.77258220320715
Montenegro,Bósnia-Herzegovina,172.77258220320715
Bósnia-Herzegovina,Noruega,1858.3911211404763
Noruega,Bósnia-Herzegovina,1858.3911211404763
Bósnia-Herzegovina,Países Baixos,1374.8602850637085
Países Baixos,Bósnia-Herzegovina,1374.8602850637085
Bósnia-Herzegovina,Polônia,950.7533586997008
Polônia,Bósnia-Herzegovina,950.7533586997008
Bósnia-Herzegovina,Portugal,2359.7750173930976
Portugal,Bósnia-Herzegovina,2359.7750173930976
Bósnia-Herzegovina,Inglaterra,1621.06299331698
Inglaterra,Bósnia-Herzegovina,1621.06299331698
Bósnia-Herzegovina,Romênia,616.6263030186568
Romênia,Bósnia-Herzegovina,616.6263030186568
Bósnia-Herzegovina,Rússia,1898.4526155684405
Rússia,Bósnia-Herzegovina,1898.4526155684405
Bósnia-Herzegovina,San Marino,477.1463831704758
San Marino,Bósnia-Herzegovina,477.1463831704758
Bósnia-Herzegovina,Sérvia,194.5235609986133
Sérvia,Bósnia-Herzegovina,194.5235609986133
Bósnia-Herzegovina,Suécia,1720.685082682799
Suécia,Bósnia-Herzegovina,1720.685082682799
Bósnia-Herzegovina,Suíça,921.5552969069362
Suíça,Bósnia-Herzegovina,921.5552969069362
Bósnia-Herzegovina,República Tcheca,754.2045971413075
República Tcheca,Bósnia-Herzegovina,754.2045971413075
Bósnia-Herzegovina,Ucrânia,1170.6973273654917
Ucrânia,Bósnia-Herzegovina,1170.6973273654917
Bósnia-Herzegovina,Vaticano,531.7994785738548
Vaticano,Bósnia-Herzegovina,531.7994785738548
Bulgária,Cazaquistão,3700.7481642357425
Cazaquistão,Bulgária,3700.7481642357425
Bulgária,Croácia,679.1953639173275
Croácia,Bulgária,679.1953639173275
Bulgária,Dinamarca,1636.8344833448655
Dinamarca,Bulgária,1636.8344833448655
Bulgária,Eslováquia,775.7109232739562
Eslováquia,Bulgária,775.7109232739562
Bulgária,Eslovênia,793.3790894806183
Eslovênia,Bulgária,793.3790894806183
Bulgária,Espanha,2253.210865413293
Espanha,Bulgária,2253.210865413293
Bulgária,Estônia,1725.742497069619
Estônia,Bulgária,1725.742497069619
Bulgária,Finlândia,1945.8990578092646
Finlândia,Bulgária,1945.8990578092646
Bulgária,França,1757.3263757277373
França,Bulgária,1757.3263757277373
Bulgária,Geórgia,1768.218684943108
Geórgia,Bulgária,1768.218684943108
Bulgária,Grécia,525.2860274072651
Grécia,Bulgária,525.2860274072651
Bulgária,Hungria,630.5176423608938
Hungria,Bulgária,630.5176423608938
Bulgária,Itália,895.3411846709083
Itália,Bulgária,895.3411846709083
Bulgária,Kosovo,176.3090130533822
Kosovo,Bulgária,176.3090130533822
Bulgária,Letônia,1587.7185201744267
Letônia,Bulgária,1587.7185201744267
Bulgária,Lituânia,1340.749968433197
Lituânia,Bulgária,1340.749968433197
Bulgária,Liechtenstein,1191.505427955779
Liechtenstein,Bulgária,1191.505427955779
Bulgária,Luxemburgo,1525.8820253778972
Luxemburgo,Bulgária,1525.8820253778972
Bulgária,Macedônia do Norte,174.17912135717492
Macedônia do Norte,Bulgária,174.17912135717492
Bulgária,Moldávia,648.3686976398334
Moldávia,Bulgária,648.3686976398334
Bulgária,Montenegro,334.00070836432224
Montenegro,Bulgária,334.00070836432224
Bulgária,Noruega,2096.085726539937
Noruega,Bulgária,2096.085726539937
Bulgária,Países Baixos,1743.0641099452519
Países Baixos,Bulgária,1743.0641099452519
Bulgária,Polônia,1073.8841469977153
Polônia,Bulgária,1073.8841469977153
Bulgária,Portugal,2754.1886714203624
Portugal,Bulgária,2754.1886714203624
Bulgária,Inglaterra,2014.5139899899946
Inglaterra,Bulgária,2014.5139899899946
Bulgária,Romênia,295.20388271921126
Romênia,Bulgária,295.20388271921126
Bulgária,Rússia,1777.413194008185
Rússia,Bulgária,1777.413194008185
Bulgária,San Marino,889.0372007420973
San Marino,Bulgária,889.0372007420973
Bulgária,Sérvia,328.72459286960463
Sérvia,Bulgária,328.72459286960463
Bulgária,Suécia,1884.0858294112902
Suécia,Bulgária,1884.0858294112902
Bulgária,Suíça,1335.3032805494547
Suíça,Bulgária,1335.3032805494547
Bulgária,República Tcheca,1064.9390646485797
República Tcheca,Bulgária,1064.9390646485797
Bulgária,Ucrânia,1021.7733476322522
Ucrânia,Bulgária,1021.7733476322522
Bulgária,Vaticano,897.5826573731451
Vaticano,Bulgária,897.5826573731451
Cazaquistão,Croácia,4030.4120540303734
Croácia,Cazaquistão,4030.4120540303734
Cazaquistão,Dinamarca,3813.1520059099867
Dinamarca,Cazaquistão,3813.1520059099867
Cazaquistão,Eslováquia,3834.7306928980574
Eslováquia,Cazaquistão,3834.7306928980574
Cazaquistão,Eslovênia,4116.957375459722
Eslovênia,Cazaquistão,4116.957375459722
Cazaquistão,Espanha,5685.457645383293
Espanha,Cazaquistão,5685.457645383293
Cazaquistão,Estônia,2429.2505207261893
Estônia,Cazaquistão,2429.2505207261893
Cazaquistão,Finlândia,3009.2163714169305
Finlândia,Cazaquistão,3009.2163714169305
Cazaquistão,França,4756.991116114299
França,Cazaquistão,4756.991116114299
Cazaquistão,Geórgia,2278.7811267322763
Geórgia,Cazaquistão,2278.7811267322763
Cazaquistão,Grécia,3970.1286321411235
Grécia,Cazaquistão,3970.1286321411235
Cazaquistão,Hungria,3736.8331815832926
Hungria,Cazaquistão,3736.8331815832926
Cazaquistão,Itália,4497.90017604174
Itália,Cazaquistão,4497.90017604174
Cazaquistão,Kosovo,3852.521072350391
Kosovo,Cazaquistão,3852.521072350391
Cazaquistão,Letônia,3088.647677606337
Letônia,Cazaquistão,3088.647677606337
Cazaquistão,Lituânia,3061.3056020249815
Lituânia,Cazaquistão,3061.3056020249815
Cazaquistão,Liechtenstein,4389.806510332869
Liechtenstein,Cazaquistão,4389.806510332869
Cazaquistão,Luxemburgo,4476.611000068453
Luxemburgo,Cazaquistão,4476.611000068453
Cazaquistão,Macedônia do Norte,3874.0598333141156
Macedônia do Norte,Cazaquistão,3874.0598333141156
Cazaquistão,Moldávia,3089.359758127767
Moldávia,Cazaquistão,3089.359758127767
Cazaquistão,Montenegro,3998.3888687721187
Montenegro,Cazaquistão,3998.3888687721187
Cazaquistão,Noruega,3792.753795432438
Noruega,Cazaquistão,3792.753795432438
Cazaquistão,Países Baixos,4414.159268857654
Países Baixos,Cazaquistão,4414.159268857654
Cazaquistão,Polônia,3405.6972198467242
Polônia,Cazaquistão,3405.6972198467242
Cazaquistão,Portugal,6163.154129740162
Portugal,Cazaquistão,6163.154129740162
Cazaquistão,Inglaterra,4764.371637884433
Inglaterra,Cazaquistão,4764.371637884433
Cazaquistão,Romênia,3410.2397043108535
Romênia,Cazaquistão,3410.2397043108535
Cazaquistão,Rússia,2271.364079427682
Rússia,Cazaquistão,2271.364079427682
Cazaquistão,San Marino,4375.370831564416
San Marino,Cazaquistão,4375.370831564416
Cazaquistão,Sérvia,3779.1722522349974
Sérvia,Cazaquistão,3779.1722522349974
Cazaquistão,Suécia,3400.6465515181058
Suécia,Cazaquistão,3400.6465515181058
Cazaquistão,Suíça,4536.64272879104
Suíça,Cazaquistão,4536.64272879104
Cazaquistão,República Tcheca,3919.798829488214
República Tcheca,Cazaquistão,3919.798829488214
Cazaquistão,Ucrânia,2837.8372471905395
Ucrânia,Cazaquistão,2837.8372471905395
Cazaquistão,Vaticano,4499.487573736727
Vaticano,Cazaquistão,4499.487573736727
Croácia,Dinamarca,1122.1457287936555
Dinamarca,Croácia,1122.1457287936555
Croácia,Eslováquia,273.1683550749601
Eslováquia,Croácia,273.1683550749601
Croácia,Eslovênia,117.27985039314775
Eslovênia,Croácia,117.27985039314775
Croácia,Espanha,1701.3963075014678
Espanha,Croácia,1701.3963075014678
Croácia,Estônia,2330.9503658277513
Estônia,Croácia,2330.9503658277513
Croácia,Finlândia,1701.4241670597362
Finlândia,Croácia,1701.4241670597362
Croácia,França,1079.660356625906
França,Croácia,1079.660356625906
Croácia,Geórgia,2346.213305920353
Geórgia,Croácia,2346.213305920353
Croácia,Grécia,1080.1705684402157
Grécia,Croácia,1080.1705684402157
Croácia,Hungria,299.12485005958627
Hungria,Croácia,299.12485005958627
Croácia,Itália,518.1172960054305
Itália,Croácia,518.1172960054305
Croácia,Kosovo,541.4335050764197
Kosovo,Croácia,541.4335050764197
Croácia,Letônia,1359.985553073426
Letônia,Croácia,1359.985553073426
Croácia,Lituânia,1185.345501467368
Lituânia,Croácia,1185.345501467368
Croácia,Liechtenstein,516.0515020903802
Liechtenstein,Croácia,516.0515020903802
Croácia,Luxemburgo,848.3232791609136
Luxemburgo,Croácia,848.3232791609136
Croácia,Macedônia do Norte,608.255617713213
Macedônia do Norte,Croácia,608.255617713213
Croácia,Moldávia,995.3265644113026
Moldávia,Croácia,995.3265644113026
Croácia,Montenegro,458.2504915900421
Montenegro,Croácia,458.2504915900421
Croácia,Noruega,1605.3188930150068
Noruega,Croácia,1605.3188930150068
Croácia,Países Baixos,1084.8277546570914
Países Baixos,Croácia,1084.8277546570914
Croácia,Polônia,801.5970848231374
Polônia,Croácia,801.5970848231374
Croácia,Portugal,2201.0568129649077
Portugal,Croácia,2201.0568129649077
Croácia,Inglaterra,1337.793764393993
Inglaterra,Croácia,1337.793764393993
Croácia,Romênia,808.3487950107616
Romênia,Croácia,808.3487950107616
Croácia,Rússia,1867.2819878869775
Rússia,Croácia,1867.2819878869775
Croácia,San Marino,347.0229633853266
San Marino,Croácia,347.0229633853266
Croácia,Sérvia,367.5087111385014
Sérvia,Croácia,367.5087111385014
Croácia,Suécia,1509.1368673385332
Suécia,Croácia,1509.1368673385332
Croácia,Suíça,666.3183790943566
Suíça,Croácia,666.3183790943566
Croácia,República Tcheca,487.4797328934448
República Tcheca,Croácia,487.4797328934448
Croácia,Ucrânia,1193.2909227404134
Ucrânia,Croácia,1193.2909227404134
Croácia,Vaticano,518.7832152465344
Vaticano,Croácia,518.7832152465344
Dinamarca,Eslováquia,892.5805760468703
Eslováquia,Dinamarca,892.5805760468703
Dinamarca,Eslovênia,1078.0956929767851
Eslovênia,Dinamarca,1078.0956929767851
Dinamarca,Espanha,2072.61903521107
Espanha,Dinamarca,2072.61903521107
Dinamarca,Estônia,2843.6190397586374
Estônia,Dinamarca,2843.6190397586374
Dinamarca,Finlândia,882.8437797963425
Finlândia,Dinamarca,882.8437797963425
Dinamarca,França,1026.6475650812383
França,Dinamarca,1026.6475650812383
Dinamarca,Geórgia,2792.3199720604825
Geórgia,Dinamarca,2792.3199720604825
Dinamarca,Grécia,2136.4297726792884
Grécia,Dinamarca,2136.4297726792884
Dinamarca,Hungria,1012.3210843934107
Hungria,Dinamarca,1012.3210843934107
Dinamarca,Itália,1532.2109464004238
Itália,Dinamarca,1532.2109464004238
Dinamarca,Kosovo,1573.403147024807
Kosovo,Dinamarca,1573.403147024807
Dinamarca,Letônia,724.8164327806135
Letônia,Dinamarca,724.8164327806135
Dinamarca,Lituânia,813.3172221046972
Lituânia,Dinamarca,813.3172221046972
Dinamarca,Liechtenstein,972.0537461991652
Liechtenstein,Dinamarca,972.0537461991652
Dinamarca,Luxemburgo,801.3157925220214
Luxemburgo,Dinamarca,801.3157925220214
Dinamarca,Macedônia do Norte,1650.1746161912156
Macedônia do Norte,Dinamarca,1650.1746161912156
Dinamarca,Moldávia,1480.003899901435
Moldávia,Dinamarca,1480.003899901435
Dinamarca,Montenegro,1549.7055945654765
Montenegro,Dinamarca,1549.7055945654765
Dinamarca,Noruega,483.3054219511834
Noruega,Dinamarca,483.3054219511834
Dinamarca,Países Baixos,620.7197039739665
Países Baixos,Dinamarca,620.7197039739665
Dinamarca,Polônia,671.6770970881229
Polônia,Dinamarca,671.6770970881229
Dinamarca,Portugal,2477.427625515186
Portugal,Dinamarca,2477.427625515186
Dinamarca,Inglaterra,955.5616203666394
Inglaterra,Dinamarca,955.5616203666394
Dinamarca,Romênia,1574.8126435446088
Romênia,Dinamarca,1574.8126435446088
Dinamarca,Rússia,1560.4142306741196
Rússia,Dinamarca,1560.4142306741196
Dinamarca,San Marino,1304.7556830036563
San Marino,Dinamarca,1304.7556830036563
Dinamarca,Sérvia,1329.9923485147062
Sérvia,Dinamarca,1329.9923485147062
Dinamarca,Suécia,522.1290446459301
Suécia,Dinamarca,522.1290446459301
Dinamarca,Suíça,1033.0328388060602
Suíça,Dinamarca,1033.0328388060602
Dinamarca,República Tcheca,635.2037008725279
República Tcheca,Dinamarca,635.2037008725279
Dinamarca,Ucrânia,1327.9512593133807
Ucrânia,Dinamarca,1327.9512593133807
Dinamarca,Vaticano,1531.530429643646
Vaticano,Dinamarca,1531.530429643646
Eslováquia,Eslovênia,304.72464883175485
Eslovênia,Eslováquia,304.72464883175485
Eslováquia,Espanha,1858.1858234535068
Espanha,Eslováquia,1858.1858234535068
Eslováquia,Estônia,2285.281168844027
Estônia,Eslováquia,2285.281168844027
Eslováquia,Finlândia,1428.283096936383
Finlândia,Eslováquia,1428.283096936383
Eslováquia,França,1088.3188938871556
França,Eslováquia,1088.3188938871556
Eslováquia,Geórgia,2281.018170102075
Geórgia,Eslováquia,2281.018170102075
Eslováquia,Grécia,1250.5198979497636
Grécia,Eslováquia,1250.5198979497636
Eslováquia,Hungria,161.39558074582072
Hungria,Eslováquia,161.39558074582072
Eslováquia,Itália,784.1417750421009
Itália,Eslováquia,784.1417750421009
Eslováquia,Kosovo,687.088686905733
Kosovo,Eslováquia,687.088686905733
Eslováquia,Letônia,1087.4576208858768
Letônia,Eslováquia,1087.4576208858768
Eslováquia,Lituânia,920.5496116605625
Lituânia,Eslováquia,920.5496116605625
Eslováquia,Liechtenstein,579.0339880289104
Liechtenstein,Eslováquia,579.0339880289104
Eslováquia,Luxemburgo,818.1477785032255
Luxemburgo,Eslováquia,818.1477785032255
Eslováquia,Macedônia do Norte,763.0233496366116
Macedônia do Norte,Eslováquia,763.0233496366116
Eslováquia,Moldávia,889.9364035801283
Moldávia,Eslováquia,889.9364035801283
Eslováquia,Montenegro,657.6596393768135
Montenegro,Eslováquia,657.6596393768135
Eslováquia,Noruega,1370.983407796296
Noruega,Eslováquia,1370.983407796296
Eslováquia,Países Baixos,984.5000721714341
Países Baixos,Eslováquia,984.5000721714341
Eslováquia,Polônia,531.9843306238798
Polônia,Eslováquia,531.9843306238798
Eslováquia,Portugal,2348.4580297489524
Portugal,Eslováquia,2348.4580297489524
Eslováquia,Inglaterra,1287.974809771701
Inglaterra,Eslováquia,1287.974809771701
Eslováquia,Romênia,804.8222273550612
Romênia,Eslováquia,804.8222273550612
Eslováquia,Rússia,1631.2261760637282
Rússia,Eslováquia,1631.2261760637282
Eslováquia,San Marino,589.2947118708921
San Marino,Eslováquia,589.2947118708921
Eslováquia,Sérvia,451.05094088192
Sérvia,Eslováquia,451.05094088192
Eslováquia,Suécia,1244.8114724739478
Suécia,Eslováquia,1244.8114724739478
Eslováquia,Suíça,736.7040047050591
Suíça,Eslováquia,736.7040047050591
Eslováquia,República Tcheca,289.230753179407
República Tcheca,Eslováquia,289.230753179407
Eslováquia,Ucrânia,1004.406121936833
Ucrânia,Eslováquia,1004.406121936833
Eslováquia,Vaticano,784.5697009620551
Vaticano,Eslováquia,784.5697009620551
Eslovênia,Espanha,1598.180254150406
Espanha,Eslovênia,1598.180254150406
Eslovênia,Estônia,2446.916400591483
Estônia,Eslovênia,2446.916400591483
Eslovênia,Finlândia,1712.0366752056307
Finlândia,Eslovênia,1712.0366752056307
Eslovênia,França,964.137114724791
França,Eslovênia,964.137114724791
Eslovênia,Geórgia,2460.6627851364665
Geórgia,Eslovênia,2460.6627851364665
Eslovênia,Grécia,1175.715857658439
Grécia,Eslovênia,1175.715857658439
Eslovênia,Hungria,380.58554223469304
Hungria,Eslovênia,380.58554223469304
Eslovênia,Itália,490.07119809311445
Itália,Eslovênia,490.07119809311445
Eslovênia,Kosovo,649.8285001565656
Kosovo,Eslovênia,649.8285001565656
Eslovênia,Letônia,1380.1895718106427
Letônia,Eslovênia,1380.1895718106427
Eslovênia,Lituânia,1223.833477795666
Lituânia,Eslovênia,1223.833477795666
Eslovênia,Liechtenstein,399.3796154886824
Liechtenstein,Eslovênia,399.3796154886824
Eslovênia,Luxemburgo,738.8812521322697
Luxemburgo,Eslovênia,738.8812521322697
Eslovênia,Macedônia do Norte,713.5008667114053
Macedônia do Norte,Eslovênia,713.5008667114053
Eslovênia,Moldávia,1101.846818980708
Moldávia,Eslovênia,1101.846818980708
Eslovênia,Montenegro,552.9668094391768
Montenegro,Eslovênia,552.9668094391768
Eslovênia,Noruega,1560.5461995921348
Noruega,Eslovênia,1560.5461995921348
Eslovênia,Países Baixos,987.7795166974028
Países Baixos,Eslovênia,987.7795166974028
Eslovênia,Polônia,832.9977440583576
Polônia,Eslovênia,832.9977440583576
Eslovênia,Portugal,2096.0789856346005
Portugal,Eslovênia,2096.0789856346005
Eslovênia,Inglaterra,1228.4314460558774
Inglaterra,Eslovênia,1228.4314460558774
Eslovênia,Romênia,924.9880342639409
Romênia,Eslovênia,924.9880342639409
Eslovênia,Rússia,1932.102459915274
Rússia,Eslovênia,1932.102459915274
Eslovênia,San Marino,284.96153981357804
San Marino,Eslovênia,284.96153981357804
Eslovênia,Sérvia,484.7192600658573
Sérvia,Eslovênia,484.7192600658573
Eslovênia,Suécia,1494.6883766795065
Suécia,Eslovênia,1494.6883766795065
Eslovênia,Suíça,549.0391892639582
Suíça,Eslovênia,549.0391892639582
Eslovênia,República Tcheca,446.87547051506385
República Tcheca,Eslovênia,446.87547051506385
Eslovênia,Ucrânia,1279.3855389611033
Ucrânia,Eslovênia,1279.3855389611033
Eslovênia,Vaticano,490.1830464964845
Vaticano,Eslovênia,490.1830464964845
Espanha,Estônia,3978.7553300839318
Estônia,Espanha,3978.7553300839318
Espanha,Finlândia,2948.361322772837
Finlândia,Espanha,2948.361322772837
Espanha,França,1052.9438571772607
França,Espanha,1052.9438571772607
Espanha,Geórgia,4014.968134714694
Geórgia,Espanha,4014.968134714694
Espanha,Grécia,2369.5294125381583
Grécia,Espanha,2369.5294125381583
Espanha,Hungria,1974.1100322812295
Hungria,Espanha,1974.1100322812295
Espanha,Itália,1362.9378573650115
Itália,Espanha,1362.9378573650115
Espanha,Kosovo,2077.2121348570286
Kosovo,Espanha,2077.2121348570286
Espanha,Letônia,2713.901087933388
Letônia,Espanha,2713.901087933388
Espanha,Lituânia,2661.111336850297
Lituânia,Espanha,2661.111336850297
Espanha,Liechtenstein,1295.7793274924036
Liechtenstein,Espanha,1295.7793274924036
Espanha,Luxemburgo,1279.527495634682
Luxemburgo,Espanha,1279.527495634682
Espanha,Macedônia do Norte,2101.9121339977946
Macedônia do Norte,Espanha,2101.9121339977946
Espanha,Moldávia,2696.5543796582206
Moldávia,Espanha,2696.5543796582206
Espanha,Montenegro,1921.6917095016474
Montenegro,Espanha,1921.6917095016474
Espanha,Noruega,2387.948283659054
Noruega,Espanha,2387.948283659054
Espanha,Países Baixos,1481.359571031552
Países Baixos,Espanha,1481.359571031552
Espanha,Polônia,2289.819778011857
Polônia,Espanha,2289.819778011857
Espanha,Portugal,502.4899438056848
Portugal,Espanha,502.4899438056848
Espanha,Inglaterra,1263.3953202679565
Inglaterra,Espanha,1263.3953202679565
Espanha,Romênia,2472.6394041782373
Romênia,Espanha,2472.6394041782373
Espanha,Rússia,3440.319576985964
Rússia,Espanha,3440.319576985964
Espanha,San Marino,1385.5685440074112
San Marino,Espanha,1385.5685440074112
Espanha,Sérvia,2028.674275609454
Sérvia,Espanha,2028.674275609454
Espanha,Suécia,2593.0183108246024
Suécia,Espanha,2593.0183108246024
Espanha,Suíça,1151.9483263988072
Suíça,Espanha,1151.9483263988072
Espanha,República Tcheca,1772.7553363870245
República Tcheca,Espanha,1772.7553363870245
Espanha,Ucrânia,2862.591610262661
Ucrânia,Espanha,2862.591610262661
Espanha,Vaticano,1360.5727835707164
Vaticano,Espanha,1360.5727835707164
Estônia,Finlândia,2558.546636793172
Finlândia,Estônia,2558.546636793172
Estônia,França,3372.8501173313466
França,Estônia,3372.8501173313466
Estônia,Geórgia,165.11645123051528
Geórgia,Estônia,165.11645123051528
Estônia,Grécia,1753.231037438889
Grécia,Estônia,1753.231037438889
Estônia,Hungria,2128.8007860999364
Hungria,Estônia,2128.8007860999364
Estônia,Itália,2619.876781367813
Itália,Estônia,2619.876781367813
Estônia,Kosovo,1901.9402160258417
Kosovo,Estônia,1901.9402160258417
Estônia,Letônia,2329.1557125286236
Letônia,Estônia,2329.1557125286236
Estônia,Lituânia,2103.27025066311
Lituânia,Estônia,2103.27025066311
Estônia,Liechtenstein,2834.4429969899757
Liechtenstein,Estônia,2834.4429969899757
Estônia,Luxemburgo,3102.3882887900236
Luxemburgo,Estônia,3102.3882887900236
Estônia,Macedônia do Norte,1881.9278183187555
Macedônia do Norte,Estônia,1881.9278183187555
Estônia,Moldávia,1410.7442650358178
Moldávia,Estônia,1410.7442650358178
Estônia,Montenegro,2058.5240390216336
Montenegro,Estônia,2058.5240390216336
Estônia,Noruega,3147.9419766668607
Noruega,Estônia,3147.9419766668607
Estônia,Países Baixos,3223.851314935689
Países Baixos,Estônia,3223.851314935689
Estônia,Polônia,2179.878511282791
Polônia,Estônia,2179.878511282791
Estônia,Portugal,4479.92335043185
Portugal,Estônia,4479.92335043185
Estônia,Inglaterra,3557.507489538322
Inglaterra,Estônia,3557.507489538322
Estônia,Romênia,1523.6511360243112
Romênia,Estônia,1523.6511360243112
Estônia,Rússia,1769.8625757346254
Rússia,Estônia,1769.8625757346254
Estônia,San Marino,2603.746195306697
San Marino,Estônia,2603.746195306697
Estônia,Sérvia,1971.4556726889916
Sérvia,Estônia,1971.4556726889916
Estônia,Suécia,2768.54647132983
Suécia,Estônia,2768.54647132983
Estônia,Suíça,2990.854770002876
Suíça,Estônia,2990.854770002876
Estônia,República Tcheca,2523.196130207644
República Tcheca,Estônia,2523.196130207644
Estônia,Ucrânia,1525.0522712670472
Ucrânia,Estônia,1525.0522712670472
Estônia,Vaticano,2622.1612223151396
Vaticano,Estônia,2622.1612223151396
Finlândia,França,1908.4281096698976
França,Finlândia,1908.4281096698976
Finlândia,Geórgia,2460.290687165515
Geórgia,Finlândia,2460.290687165515
Finlândia,Grécia,2468.452417484238
Grécia,Finlândia,2468.452417484238
Finlândia,Hungria,1459.8266514180357
Hungria,Finlândia,1459.8266514180357
Finlândia,Itália,2202.106219352284
Itália,Finlândia,2202.106219352284
Finlândia,Kosovo,1963.4031830163328
Kosovo,Finlândia,1963.4031830163328
Finlândia,Letônia,359.3158070184797
Letônia,Finlândia,359.3158070184797
Finlândia,Lituânia,609.9884587365268
Lituânia,Finlândia,609.9884587365268
Finlândia,Liechtenstein,1760.0705254807262
Liechtenstein,Finlândia,1760.0705254807262
Finlândia,Luxemburgo,1669.5040522002714
Luxemburgo,Finlândia,1669.5040522002714
Finlândia,Macedônia do Norte,2034.7461800848796
Macedônia do Norte,Finlândia,2034.7461800848796
Finlândia,Moldávia,1485.362772293291
Moldávia,Finlândia,1485.362772293291
Finlândia,Montenegro,2009.873611892772
Montenegro,Finlândia,2009.873611892772
Finlândia,Noruega,786.7115120893918
Noruega,Finlândia,786.7115120893918
Finlândia,Países Baixos,1501.3128033301043
Países Baixos,Finlândia,1501.3128033301043
Finlândia,Polônia,915.2950628123974
Polônia,Finlândia,915.2950628123974
Finlândia,Portugal,3360.1855750549485
Portugal,Finlândia,3360.1855750549485
Finlândia,Inglaterra,1820.8964414690465
Inglaterra,Finlândia,1820.8964414690465
Finlândia,Romênia,1752.2724846885017
Romênia,Finlândia,1752.2724846885017
Finlândia,Rússia,892.2902994729355
Rússia,Finlândia,892.2902994729355
Finlândia,San Marino,1988.2846484749784
San Marino,Finlândia,1988.2846484749784
Finlândia,Sérvia,1733.3702388947552
Sérvia,Finlândia,1733.3702388947552
Finlândia,Suécia,395.8178027598507
Suécia,Finlândia,395.8178027598507
Finlândia,Suíça,1857.6506898801506
Suíça,Finlândia,1857.6506898801506
Finlândia,República Tcheca,1302.5042802699436
República Tcheca,Finlândia,1302.5042802699436
Finlândia,Ucrânia,1136.1189957067234
Ucrânia,Finlândia,1136.1189957067234
Finlândia,Vaticano,2202.2074377847334
Vaticano,Finlândia,2202.2074377847334
França,Geórgia,3369.015499859706
Geórgia,França,3369.015499859706
França,Grécia,2095.9514291229316
Grécia,França,2095.9514291229316
França,Hungria,1244.078268998535
Hungria,França,1244.078268998535
França,Itália,1105.1085102426964
Itália,França,1105.1085102426964
França,Kosovo,1608.1693433088992
Kosovo,França,1608.1693433088992
França,Letônia,1703.7153264548042
Letônia,França,1703.7153264548042
França,Lituânia,1695.8726751171912
Lituânia,França,1695.8726751171912
França,Liechtenstein,566.3068191061874
Liechtenstein,França,566.3068191061874
França,Luxemburgo,286.9763515768484
Luxemburgo,França,286.9763515768484
França,Macedônia do Norte,1666.168155102598
Macedônia do Norte,França,1666.168155102598
França,Moldávia,1975.6644433906522
Moldávia,França,1975.6644433906522
França,Montenegro,1491.4592768007167
Montenegro,França,1491.4592768007167
França,Noruega,1341.8995395682487
Noruega,França,1341.8995395682487
França,Países Baixos,429.7877663239496
Países Baixos,França,429.7877663239496
França,Polônia,1366.5658109393482
Polônia,França,1366.5658109393482
França,Portugal,1452.9751055178501
Portugal,França,1452.9751055178501
França,Inglaterra,343.40967602148874
Inglaterra,França,343.40967602148874
França,Romênia,1870.3596241261448
Romênia,França,1870.3596241261448
França,Rússia,2486.2450889564157
Rússia,França,2486.2450889564157
França,San Marino,947.0492743761279
San Marino,França,947.0492743761279
França,Sérvia,1445.0462120319485
Sérvia,França,1445.0462120319485
França,Suécia,1543.4961692252234
Suécia,França,1543.4961692252234
França,Suíça,435.0648699000279
Suíça,França,435.0648699000279
França,República Tcheca,882.8508730903962
República Tcheca,França,882.8508730903962
França,Ucrânia,2023.584041634682
Ucrânia,França,2023.584041634682
França,Vaticano,1102.9978031403489
Vaticano,França,1102.9978031403489
Geórgia,Grécia,1840.966941773918
Grécia,Geórgia,1840.966941773918
Geórgia,Hungria,2128.0125306663836
Hungria,Geórgia,2128.0125306663836
Geórgia,Itália,2663.307650378957
Itália,Geórgia,2663.307650378957
Geórgia,Kosovo,1944.282245972497
Kosovo,Geórgia,1944.282245972497
Geórgia,Letônia,2247.650920499456
Letônia,Geórgia,2247.650920499456
Geórgia,Lituânia,2031.6571755934226
Lituânia,Geórgia,2031.6571755934226
Geórgia,Liechtenstein,2841.184996850944
Liechtenstein,Geórgia,2841.184996850944
Geórgia,Luxemburgo,3093.8246225320026
Luxemburgo,Geórgia,3093.8246225320026
Geórgia,Macedônia do Norte,1930.5882870017842
Macedônia do Norte,Geórgia,1930.5882870017842
Geórgia,Moldávia,1394.9235092330712
Moldávia,Geórgia,1394.9235092330712
Geórgia,Montenegro,2102.219339577865
Montenegro,Geórgia,2102.219339577865
Geórgia,Noruega,3076.080604518937
Noruega,Geórgia,3076.080604518937
Geórgia,Países Baixos,3199.152137527486
Países Baixos,Geórgia,3199.152137527486
Geórgia,Polônia,2136.7851819122625
Polônia,Geórgia,2136.7851819122625
Geórgia,Portugal,4517.206727703203
Portugal,Geórgia,4517.206727703203
Geórgia,Inglaterra,3538.954884201535
Inglaterra,Geórgia,3538.954884201535
Geórgia,Romênia,1545.6483500354564
Romênia,Geórgia,1545.6483500354564
Geórgia,Rússia,1647.9017229791493
Rússia,Geórgia,1647.9017229791493
Geórgia,San Marino,2632.917878227975
San Marino,Geórgia,2632.917878227975
Geórgia,Sérvia,1993.7253705239684
Sérvia,Geórgia,1993.7253705239684
Geórgia,Suécia,2688.2777360795826
Suécia,Geórgia,2688.2777360795826
Geórgia,Suíça,2998.858165734975
Suíça,Geórgia,2998.858165734975
Geórgia,República Tcheca,2506.7692000534826
República Tcheca,Geórgia,2506.7692000534826
Geórgia,Ucrânia,1465.5301006238094
Ucrânia,Geórgia,1465.5301006238094
Geórgia,Vaticano,2665.5274089271006
Vaticano,Geórgia,2665.5274089271006
Grécia,Hungria,1124.4921675988305
Hungria,Grécia,1124.4921675988305
Grécia,Itália,1051.722590339304
Itália,Grécia,1051.722590339304
Grécia,Kosovo,563.7314705742831
Kosovo,Grécia,563.7314705742831
Grécia,Letônia,2111.0948396585995
Letônia,Grécia,2111.0948396585995
Grécia,Lituânia,1861.0290687844083
Lituânia,Grécia,1861.0290687844083
Grécia,Liechtenstein,1541.8140396053404
Liechtenstein,Grécia,1541.8140396053404
Grécia,Luxemburgo,1905.9766148590688
Luxemburgo,Grécia,1905.9766148590688
Grécia,Macedônia do Norte,487.50362821243544
Macedônia do Norte,Grécia,487.50362821243544
Grécia,Moldávia,1087.8533778581066
Moldávia,Grécia,1087.8533778581066
Grécia,Montenegro,623.0497230876457
Montenegro,Grécia,623.0497230876457
Grécia,Noruega,2605.2116785864723
Noruega,Grécia,2605.2116785864723
Grécia,Países Baixos,2163.082199360023
Países Baixos,Grécia,2163.082199360023
Grécia,Polônia,1598.0403543881246
Polônia,Grécia,1598.0403543881246
Grécia,Portugal,2851.6789377503483
Portugal,Grécia,2851.6789377503483
Grécia,Inglaterra,2391.607980052772
Inglaterra,Grécia,2391.607980052772
Grécia,Romênia,743.3711004177252
Romênia,Grécia,743.3711004177252
Grécia,Rússia,2231.0231485013446
Rússia,Grécia,2231.0231485013446
Grécia,San Marino,1153.5025920969517
San Marino,Grécia,1153.5025920969517
Grécia,Sérvia,806.531368432714
Sérvia,Grécia,806.531368432714
Grécia,Suécia,2407.576277583755
Suécia,Grécia,2407.576277583755
Grécia,Suíça,1660.8869402794776
Suíça,Grécia,1660.8869402794776
Grécia,República Tcheca,1533.288928077344
República Tcheca,Grécia,1533.288928077344
Grécia,Ucrânia,1486.735845570107
Ucrânia,Grécia,1486.735845570107
Grécia,Vaticano,1054.1974007230508
Vaticano,Grécia,1054.1974007230508
Hungria,Itália,809.6997277194838
Itália,Hungria,809.6997277194838
Hungria,Kosovo,562.8676847104417
Kosovo,Hungria,562.8676847104417
Hungria,Letônia,1107.300493274393
Letônia,Hungria,1107.300493274393
Hungria,Lituânia,909.62373649197
Lituânia,Hungria,909.62373649197
Hungria,Liechtenstein,718.200473810621
Liechtenstein,Hungria,718.200473810621
Hungria,Luxemburgo,977.3445887214024
Luxemburgo,Hungria,977.3445887214024
Hungria,Macedônia do Norte,639.8136220911779
Macedônia do Norte,Hungria,639.8136220911779
Hungria,Moldávia,742.8966380312258
Moldávia,Hungria,742.8966380312258
Hungria,Montenegro,563.742436954978
Montenegro,Hungria,563.742436954978
Hungria,Noruega,1481.7611385570567
Noruega,Hungria,1481.7611385570567
Hungria,Países Baixos,1144.8324415824745
Países Baixos,Hungria,1144.8324415824745
Hungria,Polônia,544.7478721062042
Polônia,Hungria,544.7478721062042
Hungria,Portugal,2469.4448536456043
Portugal,Hungria,2469.4448536456043
Hungria,Inglaterra,1449.2202088076924
Inglaterra,Hungria,1449.2202088076924
Hungria,Romênia,643.5138724998774
Romênia,Hungria,643.5138724998774
Hungria,Rússia,1569.1438258118578
Rússia,Hungria,1569.1438258118578
Hungria,San Marino,645.7134649758667
San Marino,Hungria,645.7134649758667
Hungria,Sérvia,318.0122035209513
Sérvia,Hungria,318.0122035209513
Hungria,Suécia,1317.1319044576921
Suécia,Hungria,1317.1319044576921
Hungria,Suíça,876.7753469973786
Suíça,Hungria,876.7753469973786
Hungria,República Tcheca,442.39728272942784
República Tcheca,Hungria,442.39728272942784
Hungria,Ucrânia,899.0417145898033
Ucrânia,Hungria,899.0417145898033
Hungria,Vaticano,810.6066252324979
Vaticano,Hungria,810.6066252324979
Itália,Kosovo,719.1081495389151
Kosovo,Itália,719.1081495389151
Itália,Letônia,1868.8656018164909
Letônia,Itália,1868.8656018164909
Itália,Lituânia,1702.7123558332255
Lituânia,Itália,1702.7123558332255
Itália,Liechtenstein,628.5083722881575
Liechtenstein,Itália,628.5083722881575
Itália,Luxemburgo,988.4359969411347
Luxemburgo,Itália,988.4359969411347
Itália,Macedônia do Norte,739.3746703405221
Macedônia do Norte,Itália,739.3746703405221
Itália,Moldávia,1415.6168810970198
Moldávia,Itália,1415.6168810970198
Itália,Montenegro,561.5725703192809
Montenegro,Itália,561.5725703192809
Itália,Noruega,2006.9172392018256
Noruega,Itália,2006.9172392018256
Itália,Países Baixos,1296.0982472385454
Países Baixos,Itália,1296.0982472385454
Itália,Polônia,1316.1000747422884
Polônia,Itália,1316.1000747422884
Itália,Portugal,1861.7918049678478
Portugal,Itália,1861.7918049678478
Itália,Inglaterra,1433.5779548635917
Inglaterra,Itália,1433.5779548635917
Itália,Romênia,1138.4837276137553
Romênia,Itália,1138.4837276137553
Itália,Rússia,2376.612890554044
Rússia,Itália,2376.612890554044
Itália,San Marino,227.47494965184248
San Marino,Itália,227.47494965184248
Itália,Sérvia,721.5640329592607
Sérvia,Itália,721.5640329592607
Itália,Suécia,1976.4080456142922
Suécia,Itália,1976.4080456142922
Itália,Suíça,689.1272218112911
Suíça,Itália,689.1272218112911
Itália,República Tcheca,921.8209136554406
República Tcheca,Itália,921.8209136554406
Itália,Ucrânia,1676.626058868569
Ucrânia,Itália,1676.626058868569
Itália,Vaticano,2.48265493054083
Vaticano,Itália,2.48265493054083
Kosovo,Letônia,1604.1679054555195
Letônia,Kosovo,1604.1679054555195
Kosovo,Lituânia,1370.1291771443512
Lituânia,Kosovo,1370.1291771443512
Kosovo,Liechtenstein,1042.0788566263195
Liechtenstein,Kosovo,1042.0788566263195
Kosovo,Luxemburgo,1388.442459803744
Luxemburgo,Kosovo,1388.442459803744
Kosovo,Macedônia do Norte,76.9467855130196
Macedônia do Norte,Kosovo,76.9467855130196
Kosovo,Moldávia,775.3641298722792
Moldávia,Kosovo,775.3641298722792
Kosovo,Montenegro,158.2733535292133
Montenegro,Kosovo,158.2733535292133
Kosovo,Noruega,2044.624321157456
Noruega,Kosovo,2044.624321157456
Kosovo,Países Baixos,1622.9916752857316
Países Baixos,Kosovo,1622.9916752857316
Kosovo,Polônia,1063.8371547778945
Polônia,Kosovo,1063.8371547778945
Kosovo,Portugal,2578.037469135503
Portugal,Kosovo,2578.037469135503
Kosovo,Inglaterra,1878.0625969131972
Inglaterra,Kosovo,1878.0625969131972
Kosovo,Romênia,443.5214535975388
Romênia,Kosovo,443.5214535975388
Kosovo,Rússia,1873.73373883101
Rússia,Kosovo,1873.73373883101
Kosovo,San Marino,718.4919926028122
San Marino,Kosovo,718.4919926028122
Kosovo,Sérvia,245.63063294450862
Sérvia,Kosovo,245.63063294450862
Kosovo,Suécia,1865.3508740319046
Suécia,Kosovo,1865.3508740319046
Kosovo,Suíça,1180.4130532156198
Suíça,Kosovo,1180.4130532156198
Kosovo,República Tcheca,971.6322371142099
República Tcheca,Kosovo,971.6322371142099
Kosovo,Ucrânia,1121.5559547494656
Ucrânia,Kosovo,1121.5559547494656
Kosovo,Vaticano,721.3428415812755
Vaticano,Kosovo,721.3428415812755
Letônia,Lituânia,263.96262344714194
Lituânia,Letônia,263.96262344714194
Letônia,Liechtenstein,1473.2827927575554
Liechtenstein,Letônia,1473.2827927575554
Letônia,Luxemburgo,1440.934918332684
Luxemburgo,Letônia,1440.934918332684
Letônia,Macedônia do Norte,1675.4348255533423
Macedônia do Norte,Letônia,1675.4348255533423
Letônia,Moldávia,1153.4370006747179
Moldávia,Letônia,1153.4370006747179
Letônia,Montenegro,1652.5852253302753
Montenegro,Letônia,1652.5852253302753
Letônia,Noruega,841.4726135558001
Noruega,Letônia,841.4726135558001
Letônia,Países Baixos,1330.8287080765022
Países Baixos,Letônia,1330.8287080765022
Letônia,Polônia,563.1215561043645
Polônia,Letônia,563.1215561043645
Letônia,Portugal,3151.6316597733635
Portugal,Letônia,3151.6316597733635
Letônia,Inglaterra,1676.7836185548404
Inglaterra,Letônia,1676.7836185548404
Letônia,Romênia,1401.407135736698
Romênia,Letônia,1401.407135736698
Letônia,Rússia,841.6654006067357
Rússia,Letônia,841.6654006067357
Letônia,San Marino,1661.4649355536274
San Marino,Letônia,1661.4649355536274
Letônia,Sérvia,1375.05222265812
Sérvia,Letônia,1375.05222265812
Letônia,Suécia,440.6973975810026
Suécia,Letônia,440.6973975810026
Letônia,Suíça,1587.1245720068641
Suíça,Letônia,1587.1245720068641
Letônia,República Tcheca,995.9786065416049
República Tcheca,Letônia,995.9786065416049
Letônia,Ucrânia,838.0137289125638
Ucrânia,Letônia,838.0137289125638
Letônia,Vaticano,1869.1338706195847
Vaticano,Letônia,1869.1338706195847
Lituânia,Liechtenstein,1382.093070694291
Liechtenstein,Lituânia,1382.093070694291
Lituânia,Luxemburgo,1417.301708834166
Luxemburgo,Lituânia,1417.301708834166
Lituânia,Macedônia do Norte,1438.8635781996866
Macedônia do Norte,Lituânia,1438.8635781996866
Lituânia,Moldávia,889.6234454270294
Moldávia,Lituânia,889.6234454270294
Lituânia,Montenegro,1431.7893238555268
Montenegro,Lituânia,1431.7893238555268
Lituânia,Noruega,1045.029493098011
Noruega,Lituânia,1045.029493098011
Lituânia,Países Baixos,1366.1591538161283
Países Baixos,Lituânia,1366.1591538161283
Lituânia,Polônia,392.9258093645561
Polônia,Lituânia,392.9258093645561
Lituânia,Portugal,3119.857395446481
Portugal,Lituânia,3119.857395446481
Lituânia,Inglaterra,1722.7558304801694
Inglaterra,Lituânia,1722.7558304801694
Lituânia,Romênia,1142.424863511668
Romênia,Lituânia,1142.424863511668
Lituânia,Rússia,790.4107796517533
Rússia,Lituânia,790.4107796517533
Lituânia,San Marino,1508.7795192744297
San Marino,Lituânia,1508.7795192744297
Lituânia,Sérvia,1150.5995408700437
Sérvia,Lituânia,1150.5995408700437
Lituânia,Suécia,675.318766676418
Suécia,Lituânia,675.318766676418
Lituânia,Suíça,1512.997819773714
Suíça,Lituânia,1512.997819773714
Lituânia,República Tcheca,895.3680407135274
República Tcheca,Lituânia,895.3680407135274
Lituânia,Ucrânia,589.2294019698314
Ucrânia,Lituânia,589.2294019698314
Lituânia,Vaticano,1703.26595784804
Vaticano,Lituânia,1703.26595784804
Liechtenstein,Luxemburgo,371.5771987143642
Luxemburgo,Liechtenstein,371.5771987143642
Liechtenstein,Macedônia do Norte,1101.0817219890719
Macedônia do Norte,Liechtenstein,1101.0817219890719
Liechtenstein,Moldávia,1461.0945324717545
Moldávia,Liechtenstein,1461.0945324717545
Liechtenstein,Montenegro,928.983806247033
Montenegro,Liechtenstein,928.983806247033
Liechtenstein,Noruega,1422.5354899042654
Noruega,Liechtenstein,1422.5354899042654
Liechtenstein,Países Baixos,668.8236956711169
Países Baixos,Liechtenstein,668.8236956711169
Liechtenstein,Polônia,999.9602659851722
Polônia,Liechtenstein,999.9602659851722
Liechtenstein,Portugal,1777.6027268887424
Portugal,Liechtenstein,1777.6027268887424
Liechtenstein,Inglaterra,850.1967335735546
Inglaterra,Liechtenstein,850.1967335735546
Liechtenstein,Romênia,1317.9945451790115
Romênia,Liechtenstein,1317.9945451790115
Liechtenstein,Rússia,2149.6896823245406
Rússia,Liechtenstein,2149.6896823245406
Liechtenstein,San Marino,422.7955277727598
San Marino,Liechtenstein,422.7955277727598
Liechtenstein,Sérvia,883.2902567183845
Sérvia,Liechtenstein,883.2902567183845
Liechtenstein,Suécia,1467.0322374772622
Suécia,Liechtenstein,1467.0322374772622
Liechtenstein,Suíça,158.5774676570265
Suíça,Liechtenstein,158.5774676570265
Liechtenstein,República Tcheca,486.7854855854514
República Tcheca,Liechtenstein,486.7854855854514
Liechtenstein,Ucrânia,1576.0896667697823
Ucrânia,Liechtenstein,1576.0896667697823
Liechtenstein,Vaticano,627.0153888875925
Vaticano,Liechtenstein,627.0153888875925
Luxemburgo,Macedônia do Norte,1452.2741515459857
Macedônia do Norte,Luxemburgo,1452.2741515459857
Luxemburgo,Moldávia,1699.0426347745313
Moldávia,Luxemburgo,1699.0426347745313
Luxemburgo,Montenegro,1287.2515868923124
Montenegro,Luxemburgo,1287.2515868923124
Luxemburgo,Noruega,1182.5695266532537
Noruega,Luxemburgo,1182.5695266532537
Luxemburgo,Países Baixos,318.2568071970323
Países Baixos,Luxemburgo,318.2568071970323
Luxemburgo,Polônia,1080.7341622454385
Polônia,Luxemburgo,1080.7341622454385
Luxemburgo,Portugal,1711.2557941100251
Portugal,Luxemburgo,1711.2557941100251
Luxemburgo,Inglaterra,489.6225768935198
Inglaterra,Luxemburgo,489.6225768935198
Luxemburgo,Romênia,1613.977420407892
Romênia,Luxemburgo,1613.977420407892
Luxemburgo,Rússia,2207.4327260602117
Rússia,Luxemburgo,2207.4327260602117
Luxemburgo,San Marino,792.7730105777554
San Marino,Luxemburgo,792.7730105777554
Luxemburgo,Sérvia,1204.0942999290014
Sérvia,Luxemburgo,1204.0942999290014
Luxemburgo,Suécia,1323.3642935869354
Suécia,Luxemburgo,1323.3642935869354
Luxemburgo,Suíça,311.7580721720971
Suíça,Luxemburgo,311.7580721720971
Luxemburgo,República Tcheca,597.5063506422757
República Tcheca,Luxemburgo,597.5063506422757
Luxemburgo,Ucrânia,1736.9754865559164
Ucrânia,Luxemburgo,1736.9754865559164
Luxemburgo,Vaticano,986.7195894068371
Vaticano,Luxemburgo,986.7195894068371
Macedônia do Norte,Moldávia,810.8645329626548
Moldávia,Macedônia do Norte,810.8645329626548
Macedônia do Norte,Montenegro,184.74380459448966
Montenegro,Macedônia do Norte,184.74380459448966
Macedônia do Norte,Noruega,2121.5684707987366
Noruega,Macedônia do Norte,2121.5684707987366
Macedônia do Norte,Países Baixos,1692.1859844045575
Países Baixos,Macedônia do Norte,1692.1859844045575
Macedônia do Norte,Polônia,1138.120519633544
Polônia,Macedônia do Norte,1138.120519633544
Macedônia do Norte,Portugal,2601.1649013015403
Portugal,Macedônia do Norte,2601.1649013015403
Macedônia do Norte,Inglaterra,1941.6816576942815
Inglaterra,Macedônia do Norte,1941.6816576942815
Macedônia do Norte,Romênia,465.275936020943
Romênia,Macedônia do Norte,465.275936020943
Macedônia do Norte,Rússia,1924.5097923182916
Rússia,Macedônia do Norte,1924.5097923182916
Macedônia do Norte,San Marino,760.5298184368431
San Marino,Macedônia do Norte,760.5298184368431
Macedônia do Norte,Sérvia,322.4897047389768
Sérvia,Macedônia do Norte,322.4897047389768
Macedônia do Norte,Suécia,1941.0034130563965
Suécia,Macedônia do Norte,1941.0034130563965
Macedônia do Norte,Suíça,1235.7473433797875
Suíça,Macedônia do Norte,1235.7473433797875
Macedônia do Norte,República Tcheca,1046.6194868512484
República Tcheca,Macedônia do Norte,1046.6194868512484
Macedônia do Norte,Ucrânia,1170.02043727657
Ucrânia,Macedônia do Norte,1170.02043727657
Macedônia do Norte,Vaticano,741.707779488733
Vaticano,Macedônia do Norte,741.707779488733
Moldávia,Montenegro,912.8667117050448
Montenegro,Moldávia,912.8667117050448
Moldávia,Noruega,1857.193718189173
Noruega,Moldávia,1857.193718189173
Moldávia,Países Baixos,1813.5837314546184
Países Baixos,Moldávia,1813.5837314546184
Moldávia,Polônia,809.5028058772158
Polônia,Moldávia,809.5028058772158
Moldávia,Portugal,3196.3748521934226
Portugal,Moldávia,3196.3748521934226
Moldávia,Inglaterra,2147.2213043592287
Inglaterra,Moldávia,2147.2213043592287
Moldávia,Romênia,358.40554780178996
Romênia,Moldávia,358.40554780178996
Moldávia,Rússia,1144.6122181433611
Rússia,Moldávia,1144.6122181433611
Moldávia,San Marino,1321.1332337857843
San Marino,Moldávia,1321.1332337857843
Moldávia,Sérvia,694.0581137627325
Sérvia,Moldávia,694.0581137627325
Moldávia,Suécia,1542.8639770475788
Suécia,Moldávia,1542.8639770475788
Moldávia,Suíça,1619.6671383119083
Suíça,Moldávia,1619.6671383119083
Moldávia,República Tcheca,1113.2669402963775
República Tcheca,Moldávia,1113.2669402963775
Moldávia,Ucrânia,401.3973789587414
Ucrânia,Moldávia,401.3973789587414
Moldávia,Vaticano,1417.361525145469
Vaticano,Moldávia,1417.361525145469
Montenegro,Noruega,2028.6233381674137
Noruega,Montenegro,2028.6233381674137
Montenegro,Países Baixos,1540.0370898841252
Países Baixos,Montenegro,1540.0370898841252
Montenegro,Polônia,1097.5181126131204
Polônia,Montenegro,1097.5181126131204
Montenegro,Portugal,2421.9570775901047
Portugal,Montenegro,2421.9570775901047
Montenegro,Inglaterra,1775.2522880751874
Inglaterra,Montenegro,1775.2522880751874
Montenegro,Romênia,595.2878566730727
Romênia,Montenegro,595.2878566730727
Montenegro,Rússia,1983.2351909057659
Rússia,Montenegro,1983.2351909057659
Montenegro,San Marino,576.3007484185733
San Marino,Montenegro,576.3007484185733
Montenegro,Sérvia,281.9856553599041
Sérvia,Montenegro,281.9856553599041
Montenegro,Suécia,1880.853661930404
Suécia,Montenegro,1880.853661930404
Montenegro,Suíça,1058.7387942116654
Suíça,Montenegro,1058.7387942116654
Montenegro,República Tcheca,926.9239486350309
República Tcheca,Montenegro,926.9239486350309
Montenegro,Ucrânia,1238.4884428439484
Ucrânia,Montenegro,1238.4884428439484
Montenegro,Vaticano,563.8328028368952
Vaticano,Montenegro,563.8328028368952
Noruega,Países Baixos,913.1467725643179
Países Baixos,Noruega,913.1467725643179
Noruega,Polônia,1063.0948552654406
Polônia,Noruega,1063.0948552654406
Noruega,Portugal,2738.3582111207843
Portugal,Noruega,2738.3582111207843
Noruega,Inglaterra,1153.7616617718163
Inglaterra,Noruega,1153.7616617718163
Noruega,Romênia,2004.3416188983176
Romênia,Noruega,2004.3416188983176
Noruega,Rússia,1643.2109674262701
Rússia,Noruega,1643.2109674262701
Noruega,San Marino,1779.649455177589
San Marino,Noruega,1779.649455177589
Noruega,Sérvia,1799.547640797137
Sérvia,Noruega,1799.547640797137
Noruega,Suécia,416.29404140606226
Suécia,Noruega,416.29404140606226
Noruega,Suíça,1457.813645741116
Suíça,Noruega,1457.813645741116
Noruega,República Tcheca,1118.5090499170599
República Tcheca,Noruega,1118.5090499170599
Noruega,Ucrânia,1626.9125673587616
Ucrânia,Noruega,1626.9125673587616
Noruega,Vaticano,2006.112081646829
Vaticano,Noruega,2006.112081646829
Países Baixos,Polônia,1093.205680156172
Polônia,Países Baixos,1093.205680156172
Países Baixos,Portugal,1863.2816799365921
Portugal,Países Baixos,1863.2816799365921
Países Baixos,Inglaterra,357.8813463592917
Inglaterra,Países Baixos,357.8813463592917
Países Baixos,Romênia,1787.3370831022253
Romênia,Países Baixos,1787.3370831022253
Países Baixos,Rússia,2146.9780083859446
Rússia,Países Baixos,2146.9780083859446
Países Baixos,San Marino,1090.2765303706537
San Marino,Países Baixos,1090.2765303706537
Países Baixos,Sérvia,1414.6387032006694
Sérvia,Países Baixos,1414.6387032006694
Países Baixos,Suécia,1125.285178652291
Suécia,Países Baixos,1125.285178652291
Países Baixos,Suíça,629.7212143207299
Suíça,Países Baixos,629.7212143207299
Países Baixos,República Tcheca,710.5155878721926
República Tcheca,Países Baixos,710.5155878721926
Países Baixos,Ucrânia,1780.2294792057182
Ucrânia,Países Baixos,1780.2294792057182
Países Baixos,Vaticano,1294.5156476024215
Vaticano,Países Baixos,1294.5156476024215
Polônia,Portugal,2759.0436756268846
Portugal,Polônia,2759.0436756268846
Polônia,Inglaterra,1448.5057455808515
Inglaterra,Polônia,1448.5057455808515
Polônia,Romênia,945.1582013799292
Romênia,Polônia,945.1582013799292
Polônia,Rússia,1150.6999170654346
Rússia,Polônia,1150.6999170654346
Polônia,San Marino,1117.6736686286856
San Marino,Polônia,1117.6736686286856
Polônia,Sérvia,825.7383114230398
Sérvia,Polônia,825.7383114230398
Polônia,Suécia,810.418158660113
Suécia,Polônia,810.418158660113
Polônia,Suíça,1137.9604489722042
Suíça,Polônia,1137.9604489722042
Polônia,República Tcheca,517.0676040951628
República Tcheca,Polônia,517.0676040951628
Polônia,Ucrânia,689.1502351112458
Ucrânia,Polônia,689.1502351112458
Polônia,Vaticano,1316.5391627048616
Vaticano,Polônia,1316.5391627048616
Portugal,Inglaterra,1584.9831688918562
Inglaterra,Portugal,1584.9831688918562
Portugal,Romênia,2975.129337484098
Romênia,Portugal,2975.129337484098
Portugal,Rússia,3905.898267325317
Rússia,Portugal,3905.898267325317
Portugal,San Marino,1887.9351806188797
San Marino,Portugal,1887.9351806188797
Portugal,Sérvia,2530.9924836280743
Sérvia,Portugal,2530.9924836280743
Portugal,Suécia,2988.5539341999543
Suécia,Portugal,2988.5539341999543
Portugal,Suíça,1627.4740897667637
Suíça,Portugal,1627.4740897667637
Portugal,República Tcheca,2243.5306749541423
República Tcheca,Portugal,2243.5306749541423
Portugal,Ucrânia,3351.8687228002855
Ucrânia,Portugal,3351.8687228002855
Portugal,Vaticano,1859.457312471945
Vaticano,Portugal,1859.457312471945
Inglaterra,Romênia,2091.386917055578
Romênia,Inglaterra,2091.386917055578
Inglaterra,Rússia,2500.5312468056673
Rússia,Inglaterra,2500.5312468056673
Inglaterra,San Marino,1259.3104226570726
San Marino,Inglaterra,1259.3104226570726
Inglaterra,Sérvia,1691.0795960651049
Sérvia,Inglaterra,1691.0795960651049
Inglaterra,Suécia,1432.7823505240958
Suécia,Inglaterra,1432.7823505240958
Inglaterra,Suíça,747.3528073494809
Suíça,Inglaterra,747.3528073494809
Inglaterra,República Tcheca,1034.340619182363
República Tcheca,Inglaterra,1034.340619182363
Inglaterra,Ucrânia,2133.4102632772365
Ucrânia,Inglaterra,2133.4102632772365
Inglaterra,Vaticano,1431.5785420244924
Vaticano,Inglaterra,1431.5785420244924
Romênia,Rússia,1499.5743886329021
Rússia,Romênia,1499.5743886329021
Romênia,San Marino,1088.0714295388873
San Marino,Romênia,1088.0714295388873
Romênia,Sérvia,448.45603520880655
Sérvia,Romênia,448.45603520880655
Romênia,Suécia,1743.4627225634183
Suécia,Romênia,1743.4627225634183
Romênia,Suíça,1472.2466359893178
Suíça,Romênia,1472.2466359893178
Romênia,República Tcheca,1079.5367817115393
República Tcheca,Romênia,1079.5367817115393
Romênia,Ucrânia,747.4858242847222
Ucrânia,Romênia,747.4858242847222
Romênia,Vaticano,1140.5170485871945
Vaticano,Romênia,1140.5170485871945
Rússia,San Marino,2211.080209995925
San Marino,Rússia,2211.080209995925
Rússia,Sérvia,1713.4199480553812
Sérvia,Rússia,1713.4199480553812
Rússia,Suécia,1227.064295394396
Suécia,Rússia,1227.064295394396
Rússia,Suíça,2288.6065297236632
Suíça,Rússia,2288.6065297236632
Rússia,República Tcheca,1667.6490992299289
República Tcheca,Rússia,1667.6490992299289
Rússia,Ucrânia,755.6739403973247
Ucrânia,Rússia,755.6739403973247
Rússia,Vaticano,2377.656322919501
Vaticano,Rússia,2377.656322919501
San Marino,Sérvia,643.1289037781498
Sérvia,San Marino,643.1289037781498
San Marino,Suécia,1752.7077598474975
Suécia,San Marino,1752.7077598474975
San Marino,Suíça,514.0860210014057
Suíça,San Marino,514.0860210014057
San Marino,República Tcheca,698.237887983627
República Tcheca,San Marino,698.237887983627
San Marino,Ucrânia,1539.3762608207371
Ucrânia,San Marino,1539.3762608207371
San Marino,Vaticano,226.77610733310723
Vaticano,San Marino,226.77610733310723
Sérvia,Suécia,1622.1912763476305
Suécia,Sérvia,1622.1912763476305
Sérvia,Suíça,1033.6696001748455
Suíça,Sérvia,1033.6696001748455
Sérvia,República Tcheca,739.5311868088522
República Tcheca,Sérvia,739.5311868088522
Sérvia,Ucrânia,979.1445606926565
Ucrânia,Sérvia,979.1445606926565
Sérvia,Vaticano,723.3050007798482
Vaticano,Sérvia,723.3050007798482
Suécia,Suíça,1544.027913778733
Suíça,Suécia,1544.027913778733
Suécia,República Tcheca,1054.6884081015453
República Tcheca,Suécia,1054.6884081015453
Suécia,Ucrânia,1264.3879806190814
Ucrânia,Suécia,1264.3879806190814
Suécia,Vaticano,1976.1157960316423
Vaticano,Suécia,1976.1157960316423
Suíça,República Tcheca,620.9614104451531
República Tcheca,Suíça,620.9614104451531
Suíça,Ucrânia,1730.2350465335667
Ucrânia,Suíça,1730.2350465335667
Suíça,Vaticano,687.2310410501399
Vaticano,Suíça,687.2310410501399
República Tcheca,Ucrânia,1142.0148753980789
Ucrânia,República Tcheca,1142.0148753980789
República Tcheca,Vaticano,921.5035643478408
Vaticano,República Tcheca,921.5035643478408
Ucrânia,Vaticano,1677.984587305812
Vaticano,Ucrânia,1677.984587305812
